{"trial_id": "03", "hyperparameters": {"space": [{"class_name": "Choice", "config": {"name": "units", "default": 32, "conditions": [], "values": [16, 32, 64], "ordered": true}}, {"class_name": "Choice", "config": {"name": "learning_rate", "default": 0.001, "conditions": [], "values": [0.01, 0.001], "ordered": true}}, {"class_name": "Choice", "config": {"name": "num_layers", "default": 3, "conditions": [], "values": [3, 5, 7], "ordered": true}}], "values": {"units": 16, "learning_rate": 0.001, "num_layers": 5}}, "metrics": {"metrics": {"loss": {"direction": "min", "observations": [{"value": [1.0704938173294067], "step": 0}]}, "sparse_categorical_accuracy": {"direction": "max", "observations": [{"value": [0.6110700964927673], "step": 0}]}, "val_loss": {"direction": "min", "observations": [{"value": [0.6295796632766724], "step": 0}]}, "val_sparse_categorical_accuracy": {"direction": "max", "observations": [{"value": [0.8161616325378418], "step": 0}]}}}, "score": 0.8161616325378418, "best_step": 0, "status": "COMPLETED", "message": null}