[{"trial_id": "05", "score": 0.8282828330993652, "units": 16, "learning_rate": 0.01, "num_layers": 7}, {"trial_id": "02", "score": 0.8242424130439758, "units": 64, "learning_rate": 0.001, "num_layers": 5}, {"trial_id": "00", "score": 0.8202019929885864, "units": 64, "learning_rate": 0.01, "num_layers": 3}, {"trial_id": "03", "score": 0.8161616325378418, "units": 16, "learning_rate": 0.001, "num_layers": 5}, {"trial_id": "09", "score": 0.8161616325378418, "units": 32, "learning_rate": 0.001, "num_layers": 5}, {"trial_id": "07", "score": 0.8141413927078247, "units": 32, "learning_rate": 0.01, "num_layers": 7}, {"trial_id": "08", "score": 0.8020201921463013, "units": 32, "learning_rate": 0.01, "num_layers": 3}, {"trial_id": "01", "score": 0.7717171907424927, "units": 64, "learning_rate": 0.01, "num_layers": 7}, {"trial_id": "06", "score": 0.7555555701255798, "units": 64, "learning_rate": 0.01, "num_layers": 5}, {"trial_id": "04", "score": 0.7353535294532776, "units": 16, "learning_rate": 0.001, "num_layers": 3}]