{"trial_id": "02", "hyperparameters": {"space": [{"class_name": "Choice", "config": {"name": "units", "default": 32, "conditions": [], "values": [16, 32, 64], "ordered": true}}, {"class_name": "Choice", "config": {"name": "learning_rate", "default": 0.001, "conditions": [], "values": [0.01, 0.001], "ordered": true}}, {"class_name": "Choice", "config": {"name": "num_layers", "default": 3, "conditions": [], "values": [3, 5, 7], "ordered": true}}], "values": {"units": 64, "learning_rate": 0.001, "num_layers": 5}}, "metrics": {"metrics": {"loss": {"direction": "min", "observations": [{"value": [0.8318654894828796], "step": 0}]}, "sparse_categorical_accuracy": {"direction": "max", "observations": [{"value": [0.7085397839546204], "step": 0}]}, "val_loss": {"direction": "min", "observations": [{"value": [0.5586192607879639], "step": 0}]}, "val_sparse_categorical_accuracy": {"direction": "max", "observations": [{"value": [0.8242424130439758], "step": 0}]}}}, "score": 0.8242424130439758, "best_step": 0, "status": "COMPLETED", "message": null}