{"trial_id": "08", "hyperparameters": {"space": [{"class_name": "Choice", "config": {"name": "units", "default": 32, "conditions": [], "values": [16, 32, 64], "ordered": true}}, {"class_name": "Choice", "config": {"name": "learning_rate", "default": 0.001, "conditions": [], "values": [0.01, 0.001], "ordered": true}}, {"class_name": "Choice", "config": {"name": "num_layers", "default": 3, "conditions": [], "values": [3, 5, 7], "ordered": true}}], "values": {"units": 32, "learning_rate": 0.01, "num_layers": 3}}, "metrics": {"metrics": {"loss": {"direction": "min", "observations": [{"value": [0.7293011546134949], "step": 0}]}, "sparse_categorical_accuracy": {"direction": "max", "observations": [{"value": [0.7521876692771912], "step": 0}]}, "val_loss": {"direction": "min", "observations": [{"value": [0.6010980606079102], "step": 0}]}, "val_sparse_categorical_accuracy": {"direction": "max", "observations": [{"value": [0.8020201921463013], "step": 0}]}}}, "score": 0.8020201921463013, "best_step": 0, "status": "COMPLETED", "message": null}