{"trial_id": "05", "hyperparameters": {"space": [{"class_name": "Choice", "config": {"name": "units", "default": 32, "conditions": [], "values": [16, 32, 64], "ordered": true}}, {"class_name": "Choice", "config": {"name": "learning_rate", "default": 0.001, "conditions": [], "values": [0.01, 0.001], "ordered": true}}, {"class_name": "Choice", "config": {"name": "num_layers", "default": 3, "conditions": [], "values": [3, 5, 7], "ordered": true}}], "values": {"units": 16, "learning_rate": 0.01, "num_layers": 7}}, "metrics": {"metrics": {"loss": {"direction": "min", "observations": [{"value": [0.8977342844009399], "step": 0}]}, "sparse_categorical_accuracy": {"direction": "max", "observations": [{"value": [0.672430157661438], "step": 0}]}, "val_loss": {"direction": "min", "observations": [{"value": [0.5668768882751465], "step": 0}]}, "val_sparse_categorical_accuracy": {"direction": "max", "observations": [{"value": [0.8282828330993652], "step": 0}]}}}, "score": 0.8282828330993652, "best_step": 0, "status": "COMPLETED", "message": null}